[
  {
    "name": "txt_&",
    "sprite": ["txt/and"],
    "types": ["and"],
    "color": [[0, 3]],
    "desc": "&: Joins multiple conditions, subjects or objects together in a rule. Can also be spelled as ampersand with letters. Rules with stacked text or n't and &s don't work like in baba, be sure to experiment!",
    "alias": ["ampersand"],
    "tags": ["and"]
  },
  {
    "name": "txt_txt",
    "sprite": ["txt/txt"],
    "metasprite": ["txt/txt meta"],
    "types": ["object"],
    "color": [[4, 1]],
    "desc": "TXT: An object class referring to all text objects, or just a specific one if you write e.g. BAB TXT BE GAY.",
    "tags": ["txt"],
    "old_names": ["txt_text"]
  },
  {
    "name": "txt_nt",
    "sprite": ["txt/nt"],
    "types": ["not"],
    "color": [[2, 2]],
    "desc": "N'T: A suffix that negates the meaning of a verb, condition or object class. X txtn't will refer to all txt except that one.",
    "alias": ["n't"],
    "tags": ["not", "n't"],
    "old_names": ["txt_n't"]
  },
  {
    "name": "txt_loop",
    "display": "infloop",
    "sprite": ["txt/infloop"],
    "types": ["object"],
    "color": [[0, 3]],
    "desc": "INFLOOP: A special word that describes the infinite loop state.",
    "alias": ["infloop"],
    "tags": ["infloop", "infinity", "infinite loop"]
  },
  {
    "name": "txt_...",
    "sprite": ["txt/..."],
    "types": ["ellipsis"],
    "color": [[0, 3]],
    "desc": "... (ELLIPSIS): Extends rules. BAB ... BE ... ... U is the same as BAB BE U.",
    "tags": ["ellipsis", "dotdotdot", "period"]
  },
  {
    "name": "txt_''",
    "sprite": ["txt/ditto"],
    "types": ["ditto"],
    "color": [[0, 3]],
    "thingify": "ditto",
    "desc": "DITTO: Acts like the text above it. \" TXT will refer to the ditto itself, not the text above it.",
    "tags": ["ditto", "quotation marks", "\""]
  },
  {
    "name": "txt_frens",
    "sprite": ["txt/frens"],
    "types": ["object", "group"],
    "color": [[3, 3]],
    "desc": "FRENS: A group you can be a member of. 'x BE FRENS' adds you to the FRENS group. 'FRENS BE x' applies the property to all FRENS.",
    "tags": ["group", "friends"]
  },
  {
    "name": "txt_groop",
    "sprite": ["txt/groop"],
    "types": ["object", "group"],
    "color": [[3, 3]],
    "desc": "GROOP: A variant of FRENS.",
    "tags": ["group"]
  },
  {
    "name": "txt_gang",
    "sprite": ["txt/gang"],
    "types": ["object", "group", "gang", "gang_prefix"],
    "color": [[0, 1]],
    "desc": "GANG: A variant of FRENS but members wear an exclusive hat. Put an object before it to make unique gangs!",
    "tags": ["group"]
  },
  {
    "name": "txt_sharp",
    "sprite": ["letter_sharp"],
    "types": ["note_modifier"],
    "color": [[0, 3]],
    "desc": "For use with SING."
  },
  {
    "name": "txt_flat",
    "sprite": ["letter_flat"],
    "types": ["note_modifier"],
    "color": [[0, 3]],
    "desc": "For use with SING."
  },
  {
    "name": "txt_every1",
    "sprite": ["txt/every1"],
    "types": ["object"],
    "color": [[0, 3]],
    "desc": "EVERY1: Every object type in the level, aside from special objects like TXT, NO1, LVL, BORDR, and MOUS.",
    "tags": ["all", "everyone", "every1"]
  },
  {
    "name": "txt_every2",
    "sprite": ["txt/every2"],
    "types": ["object"],
    "color": [[3, 3]],
    "desc": "EVERY2: every1 + txt + innerlvl.\nA few other edge cases might be added in the future, but bordr, no1, and mous being excluded are intentional.",
    "tags": ["all", "everyone", "every2"]
  },
  {
    "name": "txt_every3",
    "sprite": ["txt/every3"],
    "types": ["object"],
    "color": [[4, 1]],
    "desc": "EVERY3: Absolutely everything conceivable. The pinnacle of everything technology.",
    "tags": ["all", "everyone", "every3"]
  },
  {
    "name": "txt_samefloat",
    "sprite": ["txt/samefloat"],
    "types": ["cond_compare"],
    "color": [[1, 4]],
    "desc": "SAMEFLOAT( (Compare Condition): True if the condition unit has the same amount of FLYE as the target.\nAnti: a = -b",
    "tags": ["sameflye"]
  },
  {
    "name": "txt_samepaint",
    "sprite": ["txt/samepaint"],
    "types": ["class_prefix", "cond_compare"],
    "color": [[4, 2]],
    "desc": "SAMEPAINT (Compare Condition): True if the condition unit is the same color as the target. Also, BAB BE SAMEPAINT KEEK will turn bab into a keek of the same color that bab was.\nAnti: opposite color (see color descs to see what's considered opposite)",
    "tags": ["samecolor"]
  },
  {
    "name": "txt_sameface",
    "sprite": ["txt/sameface"],
    "types": ["cond_compare"],
    "color": [[2, 4]],
    "desc": "SAMEFACE (Compare Condition): True if the condition unit is facing the same direction as the target.\nAnti: opposite direction",
    "tags": ["samedirection", "samefacing"]
  },
  {
    "name": "txt_cann't",
    "sprite": ["txt/can't"],
    "types": ["object"],
    "color": [[2, 1]],
    "tags": ["valhalla"]
  },
  {
    "name": "txt_themself",
    "sprite": ["txt/themself", "txt/themself_lower"],
    "types": ["object"],
    "color": [[2, 3], [2, 3]],
    "painted": [true, true],
    "desc": "THEMSELF: Refers to the subject of the rule - uses correct pronouns!",
    "tags": ["itself", "herself", "himself", "themselves"]
  },
  {
    "name": "txt_anti",
    "sprite": ["txt/anti"],
    "types": ["anti"],
    "color": [[2, 2]],
    "desc": "ANTI: Inverses the word after it to do the opposite. Does not work with nouns.\nEach text has a custom effect when anti'd. \"mirror\" in verbs means x verb y becomes y verb x. Conditions without anything specified just have the result inverted (a la n't).",
    "tags": ["reverse", "vitellary"]
  },
  {
    "name": "txt_c_sharp",
    "sprite": ["txt/c_sharp"],
    "types": ["note"],
    "color": [[0, 3]],
    "desc": "For use with SING."
  },
  {
    "name": "txt_d_sharp",
    "sprite": ["txt/d_sharp"],
    "types": ["note"],
    "color": [[0, 3]],
    "desc": "For use with SING."
  },
  {
    "name": "txt_f_sharp",
    "sprite": ["txt/f_sharp"],
    "types": ["note"],
    "color": [[0, 3]],
    "desc": "For use with SING."
  },
  {
    "name": "txt_g_sharp",
    "sprite": ["txt/g_sharp"],
    "types": ["note"],
    "color": [[0, 3]],
    "desc": "For use with SING."
  },
  {
    "name": "txt_a_sharp",
    "sprite": ["txt/a_sharp"],
    "types": ["note"],
    "color": [[0, 3]],
    "desc": "For use with SING."
  },
  {
    "name": "txt_toen",
    "sprite": ["txt/toen"],
    "types": ["object"],
    "color": [[4, 1]],
    "desc": "TOEN: Refers to all music note letters that exist in the level.",
    "tags": ["tone", "pitch", "music notes"]
  },
  {
    "name": "txt_lethers",
    "sprite": ["txt/lethers"],
    "types": ["object"],
    "color": [[2, 4]],
    "desc": "LETHERS: Refers to all letters that exist in the level.",
    "tags": ["letters"]
  },
  {
    "name": "txt_yuiy",
    "sprite": ["txt/yuiy"],
    "types": ["object"],
    "color": [[0, 2]],
    "desc": "YUIY: Refers to all UIs that exist in the level.",
    "tags": ["ui"]
  },
  {
    "name": "txt_numa",
    "sprite": ["txt/numa"],
    "types": ["object"],
    "color": [[3, 1]],
    "desc": "NUMA: Refers to all numbers that exist in the level.\n\nNUMA n't refers to all non-number letters.",
    "tags": ["number", "digit"]
  },
  {
    "name": "txt_gravy",
    "sprite": ["txt/gravy"],
    "types": ["object"],
    "color": [[6, 2]],
    "desc": "GRAVY: Changes the direction of HAET SKYE and HAET FLOR. (Unimplemented)",
    "tags": ["gravity", "fall", "lily"]
  }
]