[
  {
    "name": "txt_be",
    "sprite": ["txt/be"],
    "types": ["verb_class", "verb_property", "verb"],
    "color": [[0, 3]],
    "desc": "BE (Verb): Causes the subject to become an object or have a property.\nAnti: mirror",
    "tags": ["is"]
  },
  {
    "name": "txt_ben't",
    "display": "be n't",
    "sprite": ["txt/be n't", "n't (be)"],
    "types": ["verb_class", "verb_property", "verb"],
    "color": [[0, 3], [2, 2]],
    "painted": [true, false],
    "desc": "BE N'T (Verb): The same as having these two text tiles in a row.",
    "tags": ["isn't", "is not", "verb"]
  },
  {
    "name": "txt_got",
    "sprite": ["txt/got"],
    "types": ["verb_class", "verb"],
    "color": [[0, 3]],
    "desc": "GOT (Verb): Causes the subject to drop the object when destroyed.\nAnti: mirror",
    "tags": ["has"]
  },
  {
    "name": "txt_creat",
    "sprite": ["txt/creat"],
    "types": ["verb_class", "verb"],
    "color": [[0, 3]],
    "desc": "CREAT (Verb): At end of turn, the unit makes this object.\nAnti: snacc",
    "tags": ["make", "create"]
  },
  {
    "name": "txt_snacc",
    "sprite": ["txt/snacc"],
    "types": ["verb_unit", "verb"],
    "color": [[2, 2]],
    "desc": "SNACC (Verb): Units destroy any other unit that they SNACC on contact, like a conditional OUCH.\nAnti: creat",
    "tags": ["eat", "consume"]
  },
  {
    "name": "txt_moov",
    "sprite": ["txt/moov"],
    "types": ["verb_unit", "verb_direction", "verb"],
    "color": [[1, 3]],
    "desc": "MOOV (Verb): A verbified GO AWAY PLS/GO. x MOOV y means that x can push and shift y (shift not stacking). y is not treated as solid if unable to be pushed. MOOV GO^ will make the unit move one unit in that direction per turn.\nAnti: opposite direction",
    "tags": ["shift"]
  },
  {
    "name": "txt_yeet",
    "sprite": ["txt/yeet"],
    "types": ["verb_unit", "verb_direction", "verb"],
    "color": [[0, 3]],
    "desc": "YEET (Verb): This unit will force things it yeets in its tile to hurtle across the level in its facing direction (until it hits an object that stops it). YEET GO^ makes the object fall in that direction.\nAnti: opposite direction",
    "tags": ["throw"]
  },
  {
    "name": "txt_spoop",
    "sprite": ["txt/spoop"],
    "types": ["verb_unit", "verb"],
    "color": [[2, 2]],
    "desc": "SPOOP (Verb): A SPOOPY unit forces all objects it SPOOPS on adjacent tiles to move away!\nAnti: opposite direction",
    "tags": ["fear", "spook"]
  },
  {
    "name": "txt_stalk",
    "sprite": ["txt/stalk"],
    "types": ["verb_unit", "verb"],
    "color": [[5, 2]],
    "desc": "STALK (Verb): If X stalks Y, X becomes an intelligent AI determined to get to Y. If it's also STUBBN, it'll try to track through walls if it can't reach its target. (actually that's not implemented yet)\nAnti: finds direction that gives farthest possible",
    "tags": ["follow", "find", "cg5"]
  },
  {
    "name": "txt_haet",
    "sprite": ["txt/haet"],
    "types": ["verb_unit", "verb"],
    "color": [[2, 3]],
    "desc": "HAET (Verb): A unit cannot stop onto a tile that has something it HAETs (treating it like NOGO). (x HAET LVL makes x unable to move.)\nAnti: liek",
    "tags": ["patashu", "hate", "hates", "collide"]
  },
  {
    "name": "txt_liek",
    "sprite": ["txt/liek"],
    "types": ["verb_unit", "verb"],
    "color": [[5, 3]],
    "desc": "LIEK (Verb): If a unit LIEKs objects, it is picky, and cannot step onto a tile unless it has at least one object it LIEKs. If an object LIEKs zero objects, it is not bounded.\nAnti: haet",
    "tags": ["bounded", "likes"]
  },
  {
    "name": "txt_copkat",
    "sprite": ["txt/copkat"],
    "types": ["verb_unit", "verb"],
    "color": [[0, 3]],
    "desc": "COPKAT (Verb): COPKAT units copy the successful movements of the indicated object, no matter how far away.\nAnti: opposite direction",
    "tags": ["copycat", "lily"]
  },
  {
    "name": "txt_ignor",
    "sprite": ["txt/ignor"],
    "types": ["verb_unit", "verb"],
    "color": [[0, 1]],
    "desc": "IGNOR (Verb): x IGNOR y causes x to not be able to interact with or move y in any way.\nAnti: only x can affect y",
    "tags": ["ignore"]
  },
  {
    "name": "txt_vs",
    "sprite": ["txt/vs"],
    "types": ["verb_unit", "verb"],
    "color": [[2, 1]],
    "desc": "VS (Verb): The two objects enter a 1 on 1 battle: whoever steps on the other wins.\nAnti: when the objects are on each other, they make heart particles",
    "tags": ["versus"]
  },
  {
    "name": "txt_sing",
    "sprite": ["txt/sing"],
    "types": ["verb_sing", "verb"],
    "color": [[4, 1]],
    "desc": "SING (Verb): SING A-G with letters!\nAnti: (todo: write this)",
    "tags": ["play", "music", "say"]
  },
  {
    "name": "txt_soko",
    "sprite": ["txt/soko"],
    "types": ["verb_unit", "verb"],
    "color": [[6, 2]],
    "desc": "SOKO (Verb): If X SOKO Y, then X wins when all Y are not frenles.\nAnti: ...when all Y are frenles",
    "tags": ["sokoban"]
  },
  {
    "name": "txt_giv",
    "sprite": ["txt/giv"],
    "types": ["verb_property", "verb"],
    "color": [[2, 4]],
    "desc": "GIV (Verb): If X giv Y, any other units in the same space and flye will get the Y property.\nAnti: removes the property (ben'tn't still works)",
    "tags": ["give"]
  },
  {
    "name": "txt_rp",
    "sprite": ["txt/rp"],
    "types": ["verb_unit", "verb"],
    "color": [[3, 3]],
    "desc": "RP: X RP Y gives X all of the properties of Y. Only an object that actually exists can be RP'd.\nAnti: mirror",
    "tags": ["mimic", "roleplay"]
  },
  {
    "name": "txt_wont",
    "display": "won't",
    "sprite": ["txt/wont"],
    "types": ["verb_property", "verb"],
    "color": [[2, 2]],
    "desc": "WON'T: X WON'T PROPERTY makes X not be affected by that property.\nwontn't has an alias of wo\nAnti: n't",
    "tags": ["won't", "can't"]
  },
  {
    "name": "txt_wontn't",
    "display": "wo",
    "sprite": ["txt/wo"],
    "types": ["verb_property", "verb"],
    "color": [[2, 2]],
    "desc": "WO: won't n't.",
    "alias": ["wo"],
    "tags": ["wo", "will", "can"]
  },
  {
    "name": "txt_paint",
    "sprite": ["txt/paint"],
    "types": ["verb_unit", "object", "property", "verb"],
    "color": [[4, 2]],
    "desc": "PAINT (Verb): changes the second object's color to match the first if the objects are on each other. Supports color mixing.\nAnti: mirror",
    "tags": ["colors", "colours"]
  },
  {
    "name": "txt_is",
    "sprite": ["txt/is"],
    "types": ["verb_class", "verb_property", "verb"],
    "color": [[0, 3]],
    "wobble": true,
    "desc": "IS (Verb): Causes the subject to become an object or have a property.\nAnti: mirror",
    "tags": ["is"]
  },
  {
    "name": "txt_isn't",
    "display": "is not",
    "sprite": ["txt/is not", "txt/not (is)"],
    "types": ["verb_class", "verb_property", "verb"],
    "color": [[0, 3], [2, 2]],
    "painted": [true, false],
    "wobble": true,
    "desc": "IS NOT (Verb): The same as having these two text tiles in a row.",
    "tags": ["isn't", "is not", "verb"]
  }
]